text,label
The book was a delight. Five stars.,positive
"To be fair, the service was amazing. I am very satisfied.",positive
"Overall, the staff is fantastic. I would happily recommend it.",positive
"Overall, this app is slow and buggy. I am very disappointed.",negative
The staff is absolutely superb. Totally worth it.,positive
"To be fair, the book exceeded my expectations. Totally worth it.",positive
The coffee shop was a delight. Totally worth it.,positive
The coffee shop is absolutely superb.,positive
The sound is tinny and distorted at any volume.,negative
"Honestly, the product is really frustrating.",negative
The book stopped working quickly. I will never buy again.,negative
The restaurant is great value. Five stars.,positive
The restaurant was outstanding. I am very satisfied.,positive
The phone was a letdown. I would not recommend it.,negative
The coffee shop is absolutely dreadful. I would not recommend it.,negative
This course is really frustrating. I would not recommend it.,negative
"Overall, the staff was disappointing. I would not recommend it.",negative
"To be fair, the headphones exceeded my expectations. Five stars.",positive
This laptop is terrible. I would not recommend it.,negative
This app was disappointing.,negative
"In my experience, the hotel is excellent. I will definitely buy again.",positive
"Honestly, the hotel was a letdown.",negative
"In my experience, the restaurant is great value. I would happily recommend it.",positive
This movie is fun and easy to use. I will definitely buy again.,positive
"Honestly, the game is overpriced. I will never buy again.",negative
"Overall, the book is poorly made. Total waste of time.",negative
"Overall, the staff is terrible. I will never buy again.",negative
This movie is a mess.,negative
The concert is absolutely dreadful.,negative
The headphones is slow and buggy. I am very disappointed.,negative
"Ugly design and flimsy plastic, it feels like a toy.",negative
The game was a waste of money.,negative
"Honestly, this laptop was outstanding. I would happily recommend it.",positive
"Blurry display, laggy controls, and not worth the price.",negative
"To be fair, this movie is fantastic.",positive
"To be fair, the headphones is absolutely dreadful. One star.",negative
The concert is slow and buggy. I am very disappointed.,negative
The book exceeded my expectations. I will definitely buy again.,positive
The product is overpriced. I am very disappointed.,negative
"To be fair, the concert is great value.",positive
"Honestly, the tour is really frustrating.",negative
"Honestly, the service is really frustrating. I am very disappointed.",negative
"Honestly, the hotel is well made. Totally worth it.",positive
"Honestly, the hotel stopped working quickly. I am very disappointed.",negative
"Overall, this app is slow and buggy. I will never buy again.",negative
This movie is excellent. I would happily recommend it.,positive
This app is wonderful.,positive
"Overall, the headphones is wonderful. Totally worth it.",positive
This app was amazing. I am very satisfied.,positive
"In my experience, the concert is absolutely superb.",positive
"Overall, the hotel is excellent. Totally worth it.",positive
"Honestly, the staff fell short of my expectations. I am very disappointed.",negative
The camera is grainy and the photos look washed out.,negative
"Honestly, this movie is slow and buggy.",negative
"In my experience, this laptop was disappointing. I will never buy again.",negative
"In my experience, the coffee shop is terrible.",negative
"Very unhappy with this purchase, it does not do what it claims.",negative
The restaurant is overpriced. One star.,negative
"To be fair, the tour was disappointing.",negative
"To be fair, this movie is well made.",positive
This app is terrible. I am very disappointed.,negative
The game is poorly made.,negative
"To be fair, the staff was outstanding.",positive
"Honestly, this app is a mess.",negative
"Honestly, the game is fun and easy to use. Five stars.",positive
"Such a fun game, my whole family enjoyed playing it.",positive
The phone was a waste of money. I am very disappointed.,negative
This book was boring and I could not finish it.,negative
"To be fair, this movie is terrible.",negative
"To be fair, the hotel was disappointing.",negative
"Honestly, the product is slow and buggy. I will never buy again.",negative
"Honestly, the phone is well made. I would happily recommend it.",positive
This course is terrible.,negative
The staff is slow and buggy. I would not recommend it.,negative
The tour is absolutely superb. Totally worth it.,positive
The room was dirty and the noise from the street kept us awake.,negative
"To be fair, the product stopped working quickly.",negative
The phone fell short of my expectations.,negative
The service exceeded my expectations.,positive
The service is excellent. I would happily recommend it.,positive
The product was disappointing. I am very disappointed.,negative
The restaurant is terrible. I would not recommend it.,negative
"In my experience, this laptop was a waste of money. I will never buy again.",negative
This movie was amazing. Totally worth it.,positive
The service is absolutely dreadful. I would not recommend it.,negative
The product is awful.,negative
"To be fair, this course was a letdown.",negative
The dessert was heavenly and the portions were generous.,positive
"To be fair, this movie is overpriced. I am very disappointed.",negative
"Overall, the restaurant is poorly made. Total waste of time.",negative
The delivery is really frustrating. I will never buy again.,negative
"Honestly, this app is really frustrating. Total waste of time.",negative
"Honestly, this blender is really impressive. I am very satisfied.",positive
"To be fair, the restaurant stopped working quickly. I am very disappointed.",negative
"In my experience, the book stopped working quickly. I am very disappointed.",negative
"In my experience, the game stopped working quickly. I am very disappointed.",negative
"To be fair, the restaurant is poorly made.",negative
The staff is a mess. One star.,negative
"Overall, the hotel is really impressive.",positive
"Honestly, this course is great value.",positive
"To be fair, the product is well made.",positive
"Overall, the book was a letdown. I would not recommend it.",negative
"Honestly, the concert works perfectly.",positive
This blender is absolutely superb. I am very satisfied.,positive
The coffee shop is terrible. I am very disappointed.,negative
The concert works perfectly. I am very satisfied.,positive
The story dragged on and the ending was disappointing.,negative
"To be fair, the coffee shop is overpriced. I will never buy again.",negative
"Overall, the coffee shop is really impressive. I would happily recommend it.",positive
"Overall, the product fell short of my expectations. One star.",negative
"To be fair, the headphones was disappointing. Total waste of time.",negative
The service is wonderful. I am very satisfied.,positive
"In my experience, the book exceeded my expectations. I will definitely buy again.",positive
The coffee shop is great value. I would happily recommend it.,positive
"Honestly, the book fell short of my expectations. One star.",negative
This blender is absolutely dreadful. Total waste of time.,negative
"In my experience, the coffee shop was a waste of money. Total waste of time.",negative
The service is overpriced. I am very disappointed.,negative
"To be fair, the game is wonderful. I will definitely buy again.",positive
"Overall, the book is absolutely dreadful. One star.",negative
"I do not recommend this, it fell apart within a week.",negative
"To be fair, the headphones is awful. I will never buy again.",negative
"In my experience, this blender was a letdown. I will never buy again.",negative
The delivery is excellent. I will definitely buy again.,positive
The staff is great value. Five stars.,positive
"Honestly, the delivery is absolutely superb.",positive
"Honestly, the product is a mess.",negative
"In my experience, the restaurant was a delight. Totally worth it.",positive
"In my experience, this app works perfectly. Totally worth it.",positive
It is too small and the material looks cheap.,negative
"Honestly, the book is horrible.",negative
"To be fair, the coffee shop is terrible.",negative
The room was spotless and the view from the balcony was amazing.,positive
"To be fair, the hotel exceeded my expectations. I would happily recommend it.",positive
"To be fair, the coffee shop was amazing. Five stars.",positive
The product is excellent. I am very satisfied.,positive
"To be fair, the staff was a waste of money.",negative
"Honestly, the headphones works perfectly. I am very satisfied.",positive
"Easy to use, clean interface, and it never crashes.",positive
An overpriced cafe with burnt coffee and slow service.,negative
"Honestly, the delivery is excellent. I will definitely buy again.",positive
The service is terrible. I will never buy again.,negative
The delivery is really impressive.,positive
The headphones is overpriced. I will never buy again.,negative
"In my experience, the staff works perfectly. Totally worth it.",positive
The book was outstanding. I will definitely buy again.,positive
The product is poorly made. One star.,negative
"Overall, the product is absolutely superb. Totally worth it.",positive
"Overall, this course is great value.",positive
The book is excellent. I would happily recommend it.,positive
The game is great value. I am very satisfied.,positive
The support team went above and beyond to help me.,positive
"Overall, the tour is horrible. One star.",negative
"This vacuum is loud, weak, and clogs constantly.",negative
"Honestly, this blender is poorly made. I will never buy again.",negative
"Honestly, the hotel is wonderful.",positive
"To be fair, this movie is a joy. Totally worth it.",positive
This app is a joy.,positive
"Crisp display, responsive controls, and a great price.",positive
"Overall, the phone was outstanding. Totally worth it.",positive
This laptop is absolutely dreadful. I am very disappointed.,negative
"Overall, the game is great value. I would happily recommend it.",positive
"To be fair, this blender exceeded my expectations. I am very satisfied.",positive
It fits perfectly and looks even better in person.,positive
"Overall, the restaurant is a joy. Five stars.",positive
"Honestly, the game was disappointing. I would not recommend it.",negative
"Honestly, the book was a delight. Totally worth it.",positive
"In my experience, this blender works perfectly.",positive
"To be fair, the tour was amazing. I would happily recommend it.",positive
The book is a joy. I am very satisfied.,positive
The phone is slow and buggy.,negative
The staff is absolutely superb.,positive
The tour fell short of my expectations.,negative
"Overall, this app is really frustrating. I would not recommend it.",negative
"To be fair, the service is fun and easy to use. I will definitely buy again.",positive
"A disappointing read, repetitive and full of clichés.",negative
"Overall, the concert was a delight. I am very satisfied.",positive
"Overall, the coffee shop is absolutely dreadful. I will never buy again.",negative
"Highly recommend this, it exceeded my expectations.",positive
"In my experience, the coffee shop stopped working quickly.",negative
The product is absolutely superb. Five stars.,positive
"Honestly, the service is absolutely dreadful.",negative
"Overall, the delivery is great value. I will definitely buy again.",positive
"In my experience, this course was disappointing.",negative
"In my experience, this course is well made.",positive
"Honestly, the coffee shop was a delight.",positive
Uncomfortable shoes that gave me blisters on the first day.,negative
The game exceeded my expectations. I am very satisfied.,positive
"In my experience, the phone is a mess.",negative
"Overall, the game stopped working quickly. I would not recommend it.",negative
The coffee shop was amazing. I would happily recommend it.,positive
A charming little cafe with wonderful coffee and cozy seating.,positive
"The app is buggy, cluttered, and drains my battery.",negative
"In my experience, the restaurant is a joy. Totally worth it.",positive
"In my experience, the product was amazing. Five stars.",positive
The hotel stopped working quickly.,negative
The product is absolutely superb.,positive
"Honestly, this laptop is absolutely superb.",positive
"Honestly, the service is horrible. I would not recommend it.",negative
"Honestly, the delivery is poorly made. I would not recommend it.",negative
"In my experience, the concert is wonderful. I am very satisfied.",positive
"In my experience, the delivery was a delight. I will definitely buy again.",positive
Painfully slow and it freezes constantly.,negative
"Honestly, the concert is wonderful. I will definitely buy again.",positive
The restaurant is well made. I will definitely buy again.,positive
The tour was a letdown. I would not recommend it.,negative
The concert is terrible. I would not recommend it.,negative
"Honestly, the concert was disappointing. Total waste of time.",negative
"Overall, this blender fell short of my expectations. Total waste of time.",negative
The game is absolutely superb. Five stars.,positive
"To be fair, the tour works perfectly. I will definitely buy again.",positive
"To be fair, this movie was a delight.",positive
"To be fair, this blender is horrible. Total waste of time.",negative
"To be fair, this course is fun and easy to use. Totally worth it.",positive
This app is horrible.,negative
The coffee shop is really impressive. Five stars.,positive
"Honestly, the product is awful. One star.",negative
The concert is a mess.,negative
The service is terrible. Total waste of time.,negative
"Overall, the hotel was outstanding. I am very satisfied.",positive
The book is fantastic. Five stars.,positive
"To be fair, the tour is great value.",positive
"In my experience, this movie was outstanding. I am very satisfied.",positive
"Overall, this movie is a joy.",positive
The staff were friendly and the food was delicious.,positive
"To be fair, the staff works perfectly. I would happily recommend it.",positive
"In my experience, the concert is a joy.",positive
"In my experience, the phone is fantastic. I am very satisfied.",positive
"To be fair, the coffee shop is slow and buggy. I will never buy again.",negative
"Overall, this app was a delight. I would happily recommend it.",positive
This movie is fun and easy to use. Totally worth it.,positive
"Overall, the game is horrible. One star.",negative
"Overall, this blender exceeded my expectations. I am very satisfied.",positive
The book is great value. I am very satisfied.,positive
The book is absolutely superb. Five stars.,positive
"To be fair, the hotel is horrible. I would not recommend it.",negative
"Overall, the service was a letdown. One star.",negative
"To be fair, the phone stopped working quickly. One star.",negative
"Honestly, this course is fun and easy to use.",positive
"Honestly, the product is excellent. I would happily recommend it.",positive
"To be fair, this laptop is really frustrating. I would not recommend it.",negative
The book is great value. Five stars.,positive
"To be fair, the phone is horrible.",negative
"Honestly, the headphones is absolutely superb. I am very satisfied.",positive
"Overall, the staff was a waste of money. I am very disappointed.",negative
"Honestly, the tour is absolutely dreadful.",negative
"Really comfortable and well made, exactly as described.",positive
"In my experience, this blender is horrible.",negative
"To be fair, the product is absolutely superb. I would happily recommend it.",positive
The concert is awful. I am very disappointed.,negative
"To be fair, the hotel is poorly made. I am very disappointed.",negative
The game is a joy.,positive
"To be fair, this blender was a delight. I will definitely buy again.",positive
"To be fair, this movie is overpriced. I would not recommend it.",negative
"In my experience, the phone is poorly made.",negative
"In my experience, the tour is a mess.",negative
"Honestly, the hotel was a waste of money.",negative
"Overall, the restaurant is fun and easy to use.",positive
"Overall, the headphones fell short of my expectations. Total waste of time.",negative
"Overall, the staff is excellent. Five stars.",positive
The delivery stopped working quickly. One star.,negative
"To be fair, this app is terrible. I would not recommend it.",negative
"Overall, the book was amazing. Five stars.",positive
"In my experience, the coffee shop is really frustrating. One star.",negative
This course works perfectly. I will definitely buy again.,positive
The delivery is fun and easy to use.,positive
The phone is absolutely dreadful. One star.,negative
The delivery is well made. I would happily recommend it.,positive
The hotel was amazing. Totally worth it.,positive
This update fixed every bug I had and made the app faster.,positive
"In my experience, this course is slow and buggy. I would not recommend it.",negative
"In my experience, the restaurant works perfectly. I am very satisfied.",positive
"Overall, the staff is fantastic.",positive
"Overall, the restaurant is well made. Five stars.",positive
This laptop is a joy. I am very satisfied.,positive
"Honestly, the service is slow and buggy.",negative
"Overall, the concert is a joy. Totally worth it.",positive
The staff is really impressive. I will definitely buy again.,positive
"In my experience, this course is slow and buggy. I will never buy again.",negative
"Good quality and reasonably priced, I am a happy customer.",positive
"Overall, the restaurant works perfectly. I will definitely buy again.",positive
"Overall, the concert is well made. I am very satisfied.",positive
The battery lasts all day and the screen is gorgeous.,positive
"To be fair, the game is slow and buggy.",negative
"Honestly, this app stopped working quickly.",negative
"Terrible product, it stopped working after two days.",negative
"To be fair, the game is terrible. Total waste of time.",negative
"In my experience, the coffee shop is overpriced.",negative
"To be fair, this laptop was a delight. I am very satisfied.",positive
The product is a mess. Total waste of time.,negative
"The app is smooth, intuitive, and packed with useful features.",positive
The service is really impressive. I am very satisfied.,positive
"Honestly, the headphones is excellent. Totally worth it.",positive
This app was amazing. Five stars.,positive
"Honestly, the game is fantastic. Five stars.",positive
"In my experience, this blender is slow and buggy.",negative
This course is fantastic. I will definitely buy again.,positive
"To be fair, the game is absolutely dreadful. I would not recommend it.",negative
"Honestly, the phone is fantastic.",positive
"Overall, this app is a joy. Five stars.",positive
"To be fair, the game was a letdown. I would not recommend it.",negative
"Overall, the headphones is absolutely superb. Totally worth it.",positive
The support team was unhelpful and kept transferring me.,negative
"Overall, this app is wonderful. Totally worth it.",positive
The book is a joy. Totally worth it.,positive
"Overall, the phone was amazing.",positive
"Honestly, the book was a letdown.",negative
The delivery exceeded my expectations. I am very satisfied.,positive
"Perfect gift, my sister absolutely adored it.",positive
"Honestly, the coffee shop is really frustrating. I would not recommend it.",negative
"Overall, the restaurant was outstanding. Totally worth it.",positive
"Overall, the product is a mess. I am very disappointed.",negative
The staff is fantastic. I would happily recommend it.,positive
I was skeptical at first but this turned out to be fantastic.,positive
"Honestly, this movie is poorly made. I will never buy again.",negative
"Overall, this course is really impressive. I am very satisfied.",positive
"Overall, this app is excellent. I will definitely buy again.",positive
"Honestly, the delivery is really impressive. Totally worth it.",positive
The phone works perfectly.,positive
This course works perfectly. I would happily recommend it.,positive
"Overall, this laptop is awful. Total waste of time.",negative
"Overall, this course was a delight. I would happily recommend it.",positive
"Honestly, this laptop is overpriced. I would not recommend it.",negative
"Honestly, the restaurant is great value.",positive
"In my experience, the game is a joy. I am very satisfied.",positive
"Fantastic customer service, they solved my problem immediately.",positive
The hotel is absolutely superb.,positive
The game is really frustrating. I will never buy again.,negative
"Honestly, the delivery is well made. Totally worth it.",positive
"Overall, the game is wonderful. Five stars.",positive
"Honestly, this app was a delight.",positive
The game is wonderful. Five stars.,positive
"In my experience, the game is overpriced.",negative
The headphones is fun and easy to use. I am very satisfied.,positive
"Honestly, this movie is a mess. I will never buy again.",negative
The concert is a joy. I am very satisfied.,positive
"To be fair, the restaurant was disappointing.",negative
"Honestly, this movie stopped working quickly.",negative
"In my experience, this movie is horrible. One star.",negative
"In my experience, this blender exceeded my expectations. I would happily recommend it.",positive
The concert is awful.,negative
This movie is absolutely dreadful. I would not recommend it.,negative
"Honestly, the delivery is a mess.",negative
The product stopped working quickly.,negative
"Terrific laptop, fast, light, and the keyboard is a joy to type on.",positive
The phone works perfectly. Five stars.,positive
The restaurant is really impressive.,positive
This app was a waste of money.,negative
The concert is wonderful.,positive
The product is excellent. I will definitely buy again.,positive
"To be fair, the restaurant is really impressive. I am very satisfied.",positive
"Honestly, the book is overpriced. Total waste of time.",negative
"To be fair, this movie is excellent. I will definitely buy again.",positive
"In my experience, the phone is excellent.",positive
"Overall, the book was amazing. I am very satisfied.",positive
The delivery was a delight. Totally worth it.,positive
"Honestly, the book is excellent.",positive
"To be fair, the hotel was a waste of money. Total waste of time.",negative
The tour is terrible. I would not recommend it.,negative
This laptop is terrible. I will never buy again.,negative
The coffee shop is wonderful. I will definitely buy again.,positive
"To be fair, the game is slow and buggy. I would not recommend it.",negative
"To be fair, the delivery is poorly made. I will never buy again.",negative
"In my experience, the coffee shop exceeded my expectations. I will definitely buy again.",positive
The soundtrack is annoying and the characters are flat.,negative
The restaurant was a waste of money. Total waste of time.,negative
"Overall, the concert is a joy. Five stars.",positive
"Honestly, this app is well made. I will definitely buy again.",positive
"Honestly, the tour is terrible. Total waste of time.",negative
"Honestly, this laptop was a letdown. I will never buy again.",negative
"Awful laptop, it overheats and the keyboard keys stick.",negative
"Wonderful experience from start to finish, we will be back.",positive
"Overall, the delivery is fantastic. I will definitely buy again.",positive
"Overall, this app was a letdown. I am very disappointed.",negative
This course is terrible. I will never buy again.,negative
The book is fun and easy to use. Totally worth it.,positive
"Excellent quality, it has held up well after months of daily use.",positive
"To be fair, this app is overpriced. Total waste of time.",negative
"Overall, this blender is fantastic. I am very satisfied.",positive
"In my experience, this laptop is wonderful. I will definitely buy again.",positive
"To be fair, the tour is fun and easy to use. Totally worth it.",positive
"Overall, the book was amazing. I would happily recommend it.",positive
The staff was amazing. I would happily recommend it.,positive
"In my experience, the product is really frustrating. I am very disappointed.",negative
"In my experience, the book is poorly made. I will never buy again.",negative
The instructor was unprepared and impatient with questions.,negative
The book is excellent. Totally worth it.,positive
The game is absolutely dreadful. I will never buy again.,negative
The staff stopped working quickly. Total waste of time.,negative
"Overall, this app is a mess. I would not recommend it.",negative
"Overall, this laptop is absolutely dreadful. I will never buy again.",negative
The staff is really frustrating. I am very disappointed.,negative
"Overall, this course is fun and easy to use.",positive
"To be fair, this laptop is great value. Totally worth it.",positive
"Overall, this course is absolutely superb. I am very satisfied.",positive
The coffee shop is well made.,positive
"Overall, the game is excellent.",positive
"In my experience, the staff was outstanding. I will definitely buy again.",positive
"In my experience, this movie is slow and buggy. Total waste of time.",negative
The staff is fun and easy to use. I will definitely buy again.,positive
The delivery fell short of my expectations. I am very disappointed.,negative
This laptop exceeded my expectations. I will definitely buy again.,positive
"Overall, this laptop is overpriced. I would not recommend it.",negative
"Overall, the restaurant is well made. I will definitely buy again.",positive
The coffee shop is well made. Totally worth it.,positive
"Overall, the product is terrible. I would not recommend it.",negative
"In my experience, the staff is fantastic. I would happily recommend it.",positive
"In my experience, the restaurant is excellent. Five stars.",positive
The phone is excellent. I would happily recommend it.,positive
"To be fair, the headphones stopped working quickly. One star.",negative
The service is awful. I am very disappointed.,negative
"Honestly, the headphones was outstanding. I will definitely buy again.",positive
"To be fair, the concert is fun and easy to use.",positive
"To be fair, the staff is a mess.",negative
The delivery was disappointing. I am very disappointed.,negative
"To be fair, the product was outstanding.",positive
"Beautiful design and very sturdy, it feels premium.",positive
The plot was gripping and the ending was satisfying.,positive
The game is awful.,negative
"To be fair, the phone is fun and easy to use. I will definitely buy again.",positive
Comfortable shoes that are great for long walks.,positive
"Overall, the game is slow and buggy. One star.",negative
The restaurant is horrible. I am very disappointed.,negative
"Overall, the concert is a mess.",negative
"In my experience, the coffee shop is a mess. One star.",negative
"In my experience, the delivery is a mess. I will never buy again.",negative
This course was amazing. I would happily recommend it.,positive
"Honestly, the concert is awful. I am very disappointed.",negative
"To be fair, the phone is fun and easy to use.",positive
"To be fair, this app is poorly made. One star.",negative
The phone is excellent.,positive
"To be fair, this movie is terrible. I would not recommend it.",negative
"Bad gift, my sister returned it right away.",negative
The staff is poorly made. One star.,negative
"Honestly, this movie is horrible. I will never buy again.",negative
The phone is terrible. One star.,negative
"Overall, the coffee shop is a mess. I would not recommend it.",negative
"To be fair, this movie is a mess.",negative
The staff exceeded my expectations. I would happily recommend it.,positive
The coffee shop is really impressive. I would happily recommend it.,positive
The delivery exceeded my expectations. Totally worth it.,positive
"Overall, this app is awful. I am very disappointed.",negative
"Honestly, the hotel is horrible.",negative
"Overall, the service is poorly made. I am very disappointed.",negative
"In my experience, the phone is awful. One star.",negative
"One of the best movies I have seen this year, the acting was superb.",positive
"Overall, this movie is poorly made. I would not recommend it.",negative
"Overall, the staff is excellent. Totally worth it.",positive
"In my experience, the hotel exceeded my expectations. Five stars.",positive
"In my experience, this laptop is awful.",negative
This movie was a delight. I am very satisfied.,positive
"Overall, this laptop is fun and easy to use. Totally worth it.",positive
"In my experience, this movie was amazing.",positive
The headphones is slow and buggy. Total waste of time.,negative
The tour is absolutely superb. Five stars.,positive
"In my experience, the book is awful.",negative
"To be fair, the service is absolutely superb. I am very satisfied.",positive
"Overall, the hotel is overpriced. One star.",negative
"Honestly, the coffee shop is overpriced. One star.",negative
"To be fair, the restaurant is horrible. I am very disappointed.",negative
The staff fell short of my expectations.,negative
The garden was neglected and the staff seemed annoyed to see us.,negative
"Overall, this movie is wonderful. Five stars.",positive
The restaurant is well made. I am very satisfied.,positive
"In my experience, the tour is fun and easy to use.",positive
"To be fair, the concert is fantastic.",positive
"Honestly, the book was amazing.",positive
"In my experience, the hotel is overpriced.",negative
"In my experience, the coffee shop was a waste of money. One star.",negative
This update broke everything and made the app slower.,negative
"In my experience, the coffee shop is terrible. One star.",negative
"To be fair, the concert is really frustrating.",negative
"In my experience, the delivery is excellent. I would happily recommend it.",positive
"To be fair, the restaurant is absolutely superb. I am very satisfied.",positive
"Honestly, this blender is terrible. I will never buy again.",negative
"In my experience, the phone is a mess. I will never buy again.",negative
"To be fair, the service is fun and easy to use. I am very satisfied.",positive
"To be fair, the game works perfectly. I am very satisfied.",positive
The restaurant is really frustrating. I will never buy again.,negative
"Overall, the concert is absolutely superb.",positive
"In my experience, the service is excellent.",positive
This movie is fantastic. I would happily recommend it.,positive
The staff is absolutely dreadful. I would not recommend it.,negative
"To be fair, the restaurant was a delight.",positive
"To be fair, the coffee shop stopped working quickly.",negative
"In my experience, the phone is excellent. I will definitely buy again.",positive
"Overall, the phone is excellent. Five stars.",positive
"It is lightweight, durable, and the color is gorgeous.",positive
"Overall, the restaurant is absolutely superb. I would happily recommend it.",positive
"To be fair, the coffee shop was a letdown. I am very disappointed.",negative
The product is really frustrating.,negative
"In my experience, the phone is well made. I would happily recommend it.",positive
The book is really frustrating.,negative
The coffee shop exceeded my expectations.,positive
"To be fair, the service is overpriced. I will never buy again.",negative
"To be fair, the coffee shop is really frustrating. I will never buy again.",negative
This laptop is well made. I would happily recommend it.,positive
"Overall, this course is really frustrating. I am very disappointed.",negative
"Overall, this laptop is well made.",positive
The concert is absolutely superb.,positive
"Honestly, this laptop is fantastic. Five stars.",positive
"Great value for the money, I would buy it again without hesitation.",positive
"To be fair, this app is well made. Totally worth it.",positive
The hotel was a waste of money. I am very disappointed.,negative
The service was disappointing.,negative
The game is excellent. Totally worth it.,positive
"Overall, the concert is a mess. I am very disappointed.",negative
"To be fair, the book is overpriced. I am very disappointed.",negative
"To be fair, the concert is excellent.",positive
The phone is great value. I would happily recommend it.,positive
"Honestly, this laptop stopped working quickly.",negative
The coffee shop was a letdown. I will never buy again.,negative
This movie is really frustrating. I am very disappointed.,negative
The concert was a delight. I am very satisfied.,positive
"To be fair, the delivery is really impressive.",positive
The hotel is horrible. Total waste of time.,negative
"Overall, the game is fantastic. I would happily recommend it.",positive
"In my experience, this laptop stopped working quickly. I will never buy again.",negative
"To be fair, the concert is absolutely superb. I am very satisfied.",positive
"In my experience, the product was amazing. I am very satisfied.",positive
"In my experience, the game was a letdown.",negative
"To be fair, the book stopped working quickly. Total waste of time.",negative
"To be fair, the game is awful. I will never buy again.",negative
"Complete waste of money, I regret buying it.",negative
"Honestly, the staff was a letdown. One star.",negative
This blender was a waste of money. I will never buy again.,negative
"Overall, this app fell short of my expectations. One star.",negative
"To be fair, this laptop was a letdown. I will never buy again.",negative
"To be fair, the restaurant is a joy. I am very satisfied.",positive
This blender crushes ice in seconds and is easy to clean.,positive
"Honestly, this movie is slow and buggy. One star.",negative
"To be fair, the concert is well made. Five stars.",positive
"Sound quality is incredible, crisp highs and deep bass.",positive
This movie is a joy. Five stars.,positive
The coffee shop is wonderful.,positive
"To be fair, the service is well made. I would happily recommend it.",positive
"In my experience, this app fell short of my expectations. I am very disappointed.",negative
The phone was a waste of money. I will never buy again.,negative
This app is really impressive. Totally worth it.,positive
The tour is awful.,negative
The tour guide was knowledgeable and made the day memorable.,positive
"Overall, this laptop is awful. I will never buy again.",negative
This movie is absolutely dreadful.,negative
The tour is poorly made. I am very disappointed.,negative
The coffee shop is terrible.,negative
I had high hopes but this turned out to be a disaster.,negative
The coffee shop is fun and easy to use. I am very satisfied.,positive
Delivery took three weeks and the box arrived damaged.,negative
The restaurant was a letdown. I will never buy again.,negative
The delivery is horrible.,negative
"Overall, this course is really impressive. Totally worth it.",positive
The coffee shop was amazing. Totally worth it.,positive
The product exceeded my expectations. Totally worth it.,positive
The restaurant is really impressive. I am very satisfied.,positive
"In my experience, the restaurant is slow and buggy. Total waste of time.",negative
"Honestly, the tour was disappointing. One star.",negative
"To be fair, the concert was amazing. I am very satisfied.",positive
"Honestly, this app is really impressive. Five stars.",positive
"In my experience, this blender was amazing. I will definitely buy again.",positive
"Overall, the staff is horrible. Total waste of time.",negative
"To be fair, the phone was a waste of money.",negative
"Honestly, this course is wonderful. Five stars.",positive
The phone was a delight. I am very satisfied.,positive
"Honestly, the book is fantastic. Five stars.",positive
The hotel was amazing. I am very satisfied.,positive
The tour works perfectly. I would happily recommend it.,positive
"It is heavy, fragile, and the color faded after one wash.",negative
This course stopped working quickly. I am very disappointed.,negative
The phone works perfectly. I will definitely buy again.,positive
This course was amazing.,positive
"Honestly, the restaurant was outstanding. I would happily recommend it.",positive
"To be fair, the staff was a letdown. Total waste of time.",negative
The book is really impressive.,positive
"In my experience, the game is awful. One star.",negative
"Cheaply made and uncomfortable, nothing like the photos.",negative
Amazing flavor and the ingredients taste really fresh.,positive
"To be fair, the delivery is overpriced.",negative
"To be fair, this app is really frustrating. I am very disappointed.",negative
The game is well made. I will definitely buy again.,positive
"Overall, the game is a mess. I am very disappointed.",negative
"In my experience, this blender works perfectly. I am very satisfied.",positive
This movie exceeded my expectations. I will definitely buy again.,positive
"Honestly, the staff is slow and buggy. I will never buy again.",negative
"Honestly, the delivery is poorly made. I am very disappointed.",negative
"Honestly, the book is terrible.",negative
"Honestly, this movie was a letdown. Total waste of time.",negative
"Overall, the book is slow and buggy. One star.",negative
"In my experience, the service is great value. Five stars.",positive
The concert is excellent. I would happily recommend it.,positive
The phone is poorly made. Total waste of time.,negative
This app is fantastic.,positive
This laptop was disappointing. One star.,negative
"Overall, the phone is a mess. I will never buy again.",negative
"Honestly, the coffee shop is well made. I will definitely buy again.",positive
"In my experience, this laptop was a delight. I will definitely buy again.",positive
"To be fair, this course is really frustrating. One star.",negative
The book was a delight. I will definitely buy again.,positive
"Honestly, this app is terrible. I am very disappointed.",negative
This blender fell short of my expectations. I will never buy again.,negative
This blender is slow and buggy.,negative
"Honestly, the staff stopped working quickly.",negative
"Overall, this app was a waste of money.",negative
The coffee shop was a waste of money.,negative
"Honestly, this blender is horrible.",negative
"In my experience, the headphones is absolutely dreadful. I would not recommend it.",negative
Delivery was quick and the packaging was great.,positive
"In my experience, the tour was disappointing. One star.",negative
The staff was outstanding.,positive
The service is a joy. Totally worth it.,positive
"Overall, the product is slow and buggy. One star.",negative
"Overall, this movie is slow and buggy. I would not recommend it.",negative
The headphones is absolutely dreadful.,negative
"Overall, the game was a delight. I would happily recommend it.",positive
"Overall, the game is absolutely dreadful. I would not recommend it.",negative
"Overall, this course is wonderful. I would happily recommend it.",positive
"The hotel exceeded every expectation, five stars.",positive
"Overall, the hotel is overpriced. Total waste of time.",negative
This laptop was outstanding.,positive
"To be fair, this laptop was a letdown. Total waste of time.",negative
"In my experience, the headphones is absolutely dreadful.",negative
The restaurant is slow and buggy.,negative
The headphones is overpriced. I am very disappointed.,negative
"To be fair, the service was disappointing. I would not recommend it.",negative
"Honestly, the headphones exceeded my expectations. Five stars.",positive
The product is wonderful. Totally worth it.,positive
"In my experience, the phone is slow and buggy. I will never buy again.",negative
This course exceeded my expectations.,positive
The restaurant is a joy. I will definitely buy again.,positive
"Awful customer service, nobody answered my emails.",negative
"In my experience, the book is a joy. Five stars.",positive
The tour guide was late and clearly did not care.,negative
"Honestly, this app is a mess. I would not recommend it.",negative
"Overall, the phone was a letdown. I would not recommend it.",negative
"In my experience, the headphones is a mess. One star.",negative
The coffee shop is absolutely dreadful. I will never buy again.,negative
"In my experience, this course was a letdown.",negative
This blender was amazing. I would happily recommend it.,positive
"Honestly, the staff was a letdown. I would not recommend it.",negative
"Honestly, this app was disappointing. I would not recommend it.",negative
"Honestly, the concert is fantastic.",positive
"Overall, this app is terrible.",negative
This laptop is fun and easy to use. Five stars.,positive
The hotel is fantastic. Totally worth it.,positive
"In my experience, the hotel is fun and easy to use. I will definitely buy again.",positive
This course was a letdown. I will never buy again.,negative
"Honestly, the concert stopped working quickly. I would not recommend it.",negative
"In my experience, the book is absolutely dreadful. I would not recommend it.",negative
This blender is really frustrating. I will never buy again.,negative
"To be fair, the product is wonderful.",positive
This movie is slow and buggy.,negative
The headphones is terrible. Total waste of time.,negative
"To be fair, the game is excellent. I would happily recommend it.",positive
"Honestly, the game is fantastic. I will definitely buy again.",positive
"To be fair, this app works perfectly. I am very satisfied.",positive
"Shoddy build quality, everything rattles and feels flimsy.",negative
The pasta was perfectly cooked and the service was excellent.,positive
The dessert was stale and the portions were tiny.,negative
"To be fair, the product is wonderful. Five stars.",positive
"Honestly, the concert was outstanding. I will definitely buy again.",positive
The concert is poorly made. I am very disappointed.,negative
This blender is fantastic.,positive
"Honestly, the product is horrible. I am very disappointed.",negative
"Overall, the delivery is absolutely dreadful.",negative
This course is poorly made. Total waste of time.,negative
"Overpriced for the quality, I feel ripped off.",negative
"Overall, the coffee shop is a mess. I will never buy again.",negative
The game was a delight. Five stars.,positive
The concert is fantastic. I would happily recommend it.,positive
"In my experience, the concert works perfectly. I am very satisfied.",positive
"Overall, the coffee shop is wonderful. Totally worth it.",positive
"To be fair, the headphones was a letdown. One star.",negative
"Honestly, the headphones is a joy.",positive
"In my experience, the staff was a letdown. I am very disappointed.",negative
"To be fair, the delivery is well made. I am very satisfied.",positive
"To be fair, the product is awful. I am very disappointed.",negative
"To be fair, this laptop is fantastic.",positive
"In my experience, the concert works perfectly.",positive
"To be fair, the coffee shop is awful. One star.",negative
The book is well made. I will definitely buy again.,positive
This laptop fell short of my expectations. I am very disappointed.,negative
"Overall, the service is terrible. Total waste of time.",negative
"To be fair, the restaurant is horrible. Total waste of time.",negative
"Honestly, the service stopped working quickly.",negative
"Overall, the product is slow and buggy. I am very disappointed.",negative
"Overall, this blender is absolutely dreadful. Total waste of time.",negative
"Overall, the headphones is fantastic. I will definitely buy again.",positive
The headphones is wonderful. Five stars.,positive
"In my experience, the hotel is excellent. Totally worth it.",positive
The staff is really frustrating. I will never buy again.,negative
"In my experience, the phone is awful. I would not recommend it.",negative
The hotel is poorly made. One star.,negative
"Honestly, the product was disappointing.",negative
This blender leaks and the motor smells like burning.,negative
"Honestly, the restaurant works perfectly.",positive
"Overall, this laptop is wonderful. Five stars.",positive
"To be fair, this laptop is really impressive.",positive
"Overall, the tour is slow and buggy. I am very disappointed.",negative
"Overall, the service is a joy.",positive
"In my experience, the product is terrible.",negative
The delivery exceeded my expectations. Five stars.,positive
"Overall, the concert works perfectly. Five stars.",positive
"To be fair, the tour was a waste of money. I am very disappointed.",negative
This laptop is fun and easy to use. I will definitely buy again.,positive
"Honestly, this app is absolutely dreadful.",negative
"I hated every minute of this show, it is dull and unfunny.",negative
"Honestly, the service is horrible. Total waste of time.",negative
Best purchase I have made in a long time.,positive
The game exceeded my expectations. Totally worth it.,positive
The book is wonderful.,positive
"To be fair, the service was disappointing.",negative
The coffee shop is a mess. I am very disappointed.,negative
"Honestly, the concert was amazing.",positive
The game is a mess. Total waste of time.,negative
This app exceeded my expectations. I am very satisfied.,positive
"Great camera, the photos look sharp even in low light.",positive
"In my experience, the tour is poorly made.",negative
"In my experience, this course is wonderful. I will definitely buy again.",positive
Setup took two minutes and everything just worked.,positive
"Honestly, the book was a delight. I would happily recommend it.",positive
"In my experience, this blender is fun and easy to use. I am very satisfied.",positive
"To be fair, the product is well made. Totally worth it.",positive
I love how quiet and powerful this vacuum is.,positive
The delivery stopped working quickly.,negative
"Overall, this blender was a waste of money. One star.",negative
"Overall, this app is a mess.",negative
"Overall, the headphones is great value.",positive
"In my experience, the book was a waste of money. I would not recommend it.",negative
"Honestly, the coffee shop is slow and buggy.",negative
"To be fair, the service is wonderful.",positive
"To be fair, the book is poorly made. I will never buy again.",negative
"Honestly, this movie is terrible. I am very disappointed.",negative
"Honestly, this laptop is excellent.",positive
"To be fair, the product is fantastic.",positive
This movie is absolutely superb. I will definitely buy again.,positive
"Honestly, the phone was amazing.",positive
"Honestly, the concert is a mess. One star.",negative
"Honestly, the staff was a waste of money.",negative
"In my experience, the concert exceeded my expectations.",positive
"To be fair, the coffee shop is horrible.",negative
"Overall, the tour was a letdown. I am very disappointed.",negative
"In my experience, this app is a mess. Total waste of time.",negative
"Honestly, the phone works perfectly.",positive
The product is terrible. I will never buy again.,negative
"To be fair, the hotel is poorly made. I would not recommend it.",negative
"To be fair, the staff is a joy. I would happily recommend it.",positive
"In my experience, this movie is terrible.",negative
"Superb build quality, nothing rattles or feels cheap.",positive
"Overall, the tour is great value. I am very satisfied.",positive
"Honestly, this laptop is well made.",positive
Worst purchase I have made in years.,negative
The service is well made.,positive
Confusing interface and it crashes every time I open it.,negative
"Overall, this movie was a delight. I would happily recommend it.",positive
"Honestly, the coffee shop is slow and buggy. I will never buy again.",negative
"To be fair, this laptop stopped working quickly. I would not recommend it.",negative
"Overall, the tour exceeded my expectations.",positive
"In my experience, the restaurant is a mess. Total waste of time.",negative
The product is well made.,positive
"Honestly, this app is great value. I will definitely buy again.",positive
"Honestly, this course is really impressive. I am very satisfied.",positive
"To be fair, the coffee shop was outstanding.",positive
This course is excellent. I am very satisfied.,positive
"Overall, the service is wonderful. I will definitely buy again.",positive
"Overall, the delivery was a delight.",positive
"Overall, this laptop is absolutely superb. I will definitely buy again.",positive
"One of the worst movies I have seen, the plot made no sense.",negative
"Overall, the book is absolutely superb. Five stars.",positive
"To be fair, the delivery is excellent.",positive
"To be fair, this blender is wonderful. I would happily recommend it.",positive
The concert is great value. Totally worth it.,positive
"To be fair, this laptop is awful.",negative
This app is a joy. I would happily recommend it.,positive
"To be fair, the staff was amazing. I am very satisfied.",positive
The book is a mess.,negative
"Honestly, this laptop was disappointing. I am very disappointed.",negative
This laptop is a joy. Totally worth it.,positive
This blender was disappointing.,negative
"In my experience, this movie is absolutely dreadful. Total waste of time.",negative
"To be fair, the game is awful. I am very disappointed.",negative
"To be fair, the product is overpriced.",negative
The tour is fun and easy to use. Five stars.,positive
"Overall, this laptop is well made. I will definitely buy again.",positive
The soundtrack is beautiful and the story is moving.,positive
"Honestly, this laptop was amazing. Five stars.",positive
"To be fair, this course was a waste of money. I would not recommend it.",negative
"Honestly, the book is wonderful. I will definitely buy again.",positive
This blender is terrible. I will never buy again.,negative
The tour was outstanding. Totally worth it.,positive
"In my experience, this laptop was a letdown. I would not recommend it.",negative
"Honestly, this movie works perfectly. Totally worth it.",positive
"Overall, the product is excellent. I am very satisfied.",positive
This laptop stopped working quickly. I will never buy again.,negative
"In my experience, the restaurant is really frustrating. I am very disappointed.",negative
Setup was a nightmare and the instructions were useless.,negative
The concert is excellent.,positive
"Very happy with this purchase, it does exactly what it promises.",positive
"The concert was a mess, the sound was muddy and too loud.",negative
"Absolutely loved this product, it works perfectly and arrived early.",positive
"To be fair, the phone is slow and buggy. I am very disappointed.",negative
"I enjoyed every minute of this show, it is smart and funny.",positive
"In my experience, the hotel is slow and buggy.",negative
"In my experience, the delivery is horrible. Total waste of time.",negative
This book kept me hooked from the first page to the last.,positive
"In my experience, the tour was amazing. I would happily recommend it.",positive
"In my experience, the game is poorly made. I would not recommend it.",negative
"To be fair, this app was disappointing. I will never buy again.",negative
"To be fair, the restaurant was amazing. I will definitely buy again.",positive
The restaurant is overpriced.,negative
This movie works perfectly. Totally worth it.,positive
The pasta was overcooked and the waiter ignored us all night.,negative
This course is awful.,negative
This laptop was a delight. Five stars.,positive
"Overall, the coffee shop works perfectly.",positive
"Honestly, the hotel is overpriced. I will never buy again.",negative
"Overall, the delivery is a mess. One star.",negative
The delivery is horrible. I am very disappointed.,negative
"To be fair, this course stopped working quickly. I am very disappointed.",negative
The game is well made. Totally worth it.,positive
"Poor quality, it broke after a month of light use.",negative
"To be fair, this blender is absolutely superb. I am very satisfied.",positive
"Honestly, the phone is terrible.",negative
"Overall, this blender is absolutely superb. I would happily recommend it.",positive
The hotel is absolutely superb. I will definitely buy again.,positive
"To be fair, the headphones was a delight. I will definitely buy again.",positive
"Honestly, the concert is well made.",positive
"Overall, the game is terrible.",negative
The hotel is overpriced. I will never buy again.,negative
"Overall, this blender is terrible. One star.",negative
"Honestly, this course was a delight. I am very satisfied.",positive
"In my experience, the staff was amazing. I will definitely buy again.",positive
Smooth checkout and my order arrived a day early.,positive
This course was outstanding. Five stars.,positive
"Overall, the service is fantastic. I will definitely buy again.",positive
"In my experience, this laptop is really frustrating. I am very disappointed.",negative
"Honestly, the concert is awful. I would not recommend it.",negative
"To be fair, the tour is fantastic.",positive
"Honestly, the coffee shop is really impressive. I am very satisfied.",positive
"Honestly, the tour was a letdown. I am very disappointed.",negative
"Overall, the product is really impressive. I will definitely buy again.",positive
"Overall, the coffee shop is awful. I will never buy again.",negative
The concert is overpriced. I would not recommend it.,negative
This blender exceeded my expectations. I will definitely buy again.,positive
The garden was beautiful and the staff made us feel welcome.,positive
This movie is a mess. I will never buy again.,negative
"To be fair, the restaurant is horrible.",negative
"To be fair, the restaurant is really frustrating. Total waste of time.",negative
The hotel fell short of my expectations. I would not recommend it.,negative
"Overall, the service is well made. I would happily recommend it.",positive
"To be fair, the service is absolutely dreadful. I would not recommend it.",negative
"Honestly, the book is fun and easy to use.",positive
"In my experience, this blender is terrible.",negative
The tour is excellent. I am very satisfied.,positive
"In my experience, the restaurant was amazing. I will definitely buy again.",positive
"Overall, the service was a delight. I would happily recommend it.",positive
"Overall, the staff is wonderful.",positive
"Honestly, the restaurant stopped working quickly. I am very disappointed.",negative
"In my experience, the headphones is horrible. I will never buy again.",negative
"In my experience, the concert is wonderful. I will definitely buy again.",positive
The tour is terrible. I will never buy again.,negative
An inspiring read that changed how I think about my work.,positive
"Overall, the tour is well made. Five stars.",positive
"To be fair, this laptop is excellent. Totally worth it.",positive
"Overall, the game is fun and easy to use.",positive
The hotel exceeded my expectations. I will definitely buy again.,positive
"Honestly, this app is horrible.",negative
"Overall, the headphones was outstanding.",positive
"In my experience, the game was a waste of money. I am very disappointed.",negative
"Honestly, this blender is slow and buggy.",negative
"Overall, this movie fell short of my expectations. I will never buy again.",negative
"To be fair, the delivery is horrible.",negative
"Honestly, the product is poorly made. One star.",negative
"In my experience, the coffee shop is fun and easy to use. I will definitely buy again.",positive
The concert was unforgettable and the sound was flawless.,positive
"Overall, this laptop was a delight. Five stars.",positive
"Such a boring game, we gave up after ten minutes.",negative
"Honestly, the delivery is a mess. I will never buy again.",negative
This movie is wonderful. I would happily recommend it.,positive
This blender was a delight. Five stars.,positive
"Honestly, this course is overpriced.",negative
"In my experience, the concert is really frustrating.",negative
"To be fair, the restaurant is absolutely superb. Totally worth it.",positive
"Honestly, the concert is absolutely superb. I will definitely buy again.",positive
"Overall, the hotel was disappointing. One star.",negative
This movie is excellent. Five stars.,positive
"Overall, the book was a delight. Five stars.",positive
"To be fair, this app is slow and buggy. I would not recommend it.",negative
This app is really impressive.,positive
The staff were rude and the food arrived cold.,negative
"Overall, this movie is excellent. I am very satisfied.",positive
"Honestly, this app is overpriced. I am very disappointed.",negative
"Overall, this blender is slow and buggy.",negative
"To be fair, the hotel was disappointing. I would not recommend it.",negative
The coffee shop was disappointing. Total waste of time.,negative
"In my experience, the service stopped working quickly. Total waste of time.",negative
This laptop was a delight. I am very satisfied.,positive
"To be fair, the restaurant is fantastic. I am very satisfied.",positive
"To be fair, the staff is horrible.",negative
The staff works perfectly. I would happily recommend it.,positive
The hotel exceeded my expectations.,positive
This laptop is horrible. I would not recommend it.,negative
The staff is poorly made.,negative
"Overall, this laptop was amazing. I would happily recommend it.",positive
"In my experience, the game works perfectly. I am very satisfied.",positive
"Horrible experience from start to finish, never again.",negative
"Overall, the concert is absolutely dreadful. I will never buy again.",negative
"To be fair, the tour stopped working quickly.",negative
The coffee shop works perfectly. I will definitely buy again.,positive
The book is wonderful. I would happily recommend it.,positive
"In my experience, the tour was disappointing. I will never buy again.",negative
The phone is fantastic. Totally worth it.,positive
"Overall, the game was disappointing. I would not recommend it.",negative
The coffee shop was disappointing. I will never buy again.,negative
"Honestly, the concert exceeded my expectations. I am very satisfied.",positive
This app is well made. I am very satisfied.,positive
"In my experience, this app was amazing. Five stars.",positive
"Honestly, the delivery was a letdown.",negative
"To be fair, the staff was a waste of money. Total waste of time.",negative
The book is really impressive. Totally worth it.,positive
"Overall, the game fell short of my expectations. Total waste of time.",negative
"To be fair, the service is excellent. I would happily recommend it.",positive
"Honestly, the tour is a mess.",negative
"To be fair, the phone is absolutely dreadful. I will never buy again.",negative
The book is a mess. I am very disappointed.,negative
The hotel was amazing. I will definitely buy again.,positive
"In my experience, the book fell short of my expectations.",negative
"Overall, the concert was amazing.",positive
The delivery was a delight.,positive
"In my experience, the hotel is terrible.",negative
"Overall, the hotel was a waste of money. Total waste of time.",negative
"Honestly, the headphones is horrible. I would not recommend it.",negative
"Honestly, the delivery is wonderful. I am very satisfied.",positive
The delivery is great value.,positive
The restaurant is terrible.,negative
"Honestly, the headphones stopped working quickly. I would not recommend it.",negative
The delivery is overpriced. I would not recommend it.,negative
"To be fair, the restaurant was amazing. I am very satisfied.",positive
"Honestly, the game is overpriced. I would not recommend it.",negative
The restaurant is really impressive. Five stars.,positive
"Overall, this laptop was amazing. Totally worth it.",positive
"Honestly, the game stopped working quickly. Total waste of time.",negative
"Overall, this laptop was amazing. Five stars.",positive
"In my experience, the delivery is really frustrating. I would not recommend it.",negative
"In my experience, the staff is fun and easy to use. I will definitely buy again.",positive
The staff is excellent. I will definitely buy again.,positive
"Honestly, the phone was a delight.",positive
"To be fair, this laptop is awful. I will never buy again.",negative
"In my experience, this app was a waste of money.",negative
"Overall, the phone was a delight. I would happily recommend it.",positive
"Overall, the headphones is really frustrating. I will never buy again.",negative
"Overall, the phone is fantastic. Totally worth it.",positive
"In my experience, this movie was outstanding. I will definitely buy again.",positive
"Overall, the headphones stopped working quickly.",negative
"Overall, this blender was disappointing. I am very disappointed.",negative
"Overall, the phone is fantastic.",positive
The service is fantastic. Totally worth it.,positive
"To be fair, the tour is slow and buggy. I am very disappointed.",negative
"Overall, the hotel is really impressive. I am very satisfied.",positive
The service was disappointing. I will never buy again.,negative
"The hotel was a disappointment, dirty sheets and broken air conditioning.",negative
"In my experience, this app was a letdown.",negative
"Overall, this movie was a letdown. One star.",negative
Checkout kept failing and my order never showed up.,negative
"I am impressed by how fast this is, a huge upgrade from my old one.",positive
The battery dies within a few hours and the screen is dim.,negative
"Honestly, the phone is wonderful. I would happily recommend it.",positive
This course is absolutely dreadful.,negative
"Honestly, the hotel was outstanding. I would happily recommend it.",positive
"To be fair, this app was a waste of money.",negative
"Overall, the headphones is poorly made.",negative
The service was amazing. Totally worth it.,positive
"In my experience, the staff was a letdown.",negative
This blender is awful. I will never buy again.,negative
"To be fair, this app was a delight. I would happily recommend it.",positive
The product was outstanding. I am very satisfied.,positive
"Overall, the delivery is horrible. One star.",negative
Dull film with wooden acting and a predictable script.,negative
The concert is awful. Total waste of time.,negative
This blender is a mess.,negative
"In my experience, the phone is really frustrating. One star.",negative
This course is really impressive. Five stars.,positive
The delivery is great value. I would happily recommend it.,positive
The service is a mess. Total waste of time.,negative
The service was a waste of money. Total waste of time.,negative
The instructor was patient and explained everything clearly.,positive
"Honestly, the tour was outstanding.",positive
Lovely film with a warm heart and great performances.,positive
"Overall, this course was amazing.",positive
The game is a mess. I am very disappointed.,negative
"Honestly, the delivery is well made. I would happily recommend it.",positive
"In my experience, the headphones is really frustrating. I am very disappointed.",negative
"Honestly, this movie is a joy. Five stars.",positive
"In my experience, the coffee shop is wonderful.",positive
This blender is terrible. I am very disappointed.,negative
"To be fair, the staff is excellent.",positive
"In my experience, the restaurant is well made. Five stars.",positive
"Overall, this movie is excellent. Totally worth it.",positive
Bland flavor and the ingredients tasted stale.,negative
The game was disappointing.,negative
The tour fell short of my expectations. I would not recommend it.,negative
"Overall, the headphones is overpriced. I am very disappointed.",negative
"Honestly, the phone is a mess. I am very disappointed.",negative
"Overall, this course is fantastic. I will definitely buy again.",positive
